{"cameraMode":{"drawMode":0,"name":"Shaded","section":"Shading Mode"},"sceneLighting":true,"audioPlay":false,"sceneViewState":{"showFog":true,"showMaterialUpdate":false,"showSkybox":true,"showFlares":true,"showImageEffects":true,"showParticleSystems":true,"showVisualEffectGraphs":true,"m_FxEnabled":true},"in2DMode":false,"pivot":{"x":1.010305404663086,"y":17.780033111572267,"z":275.8121643066406},"rotation":{"x":0.016492940485477449,"y":-0.027891162782907487,"z":0.00046061843750067055,"w":0.9994821548461914},"size":174.3010711669922,"orthographic":false}